"Member","Name","Image","Staked (ALLIANCE)","Voting power"
"terra1dyh999cuqjkhadpfhh878sar73mrzy65695309","","/placeholders/3.svg","324","19.35483870967742"
"terra1hr8zsfpch47qygc96c8e6rzkd2t7mafqx77ulw","DeFi_Patriot","ipfs://QmWDYhDVN6FmGE8hFBFcUa86dXJFm8aGPMtSobkBNiuBAb","291","17.38351254480287"
"terra1yct7ls8kw3x2ucm66rxg7mgtyvw7kr5v4t4xsx","","/placeholders/5.svg","165","9.85663082437276"
"terra10kwrzdaxhlp0d4ffr36ds4gkcq8w726dpum2t3","","/placeholders/3.svg","124","7.4074074074074066"
"terra13qjxhnw98lm36rxc9yjakkmulhpv7zctdc5zlz","4719","https://i.stargaze-apis.com/Al7rDDRZHopZT-W4Z8TYG1tszwULXeKVS5DVLovtfHM/resize:fit:512:::/dpr:2/plain/ipfs://QmQ5693bS6DbRvkXZdFSuuUPhgWz4Qt2DhUkdrk5Ba8sVj","51","3.046594982078853"
"terra1n8utaly5st5du65fgaqawhrkvm0qrlfws9kymc","","/placeholders/3.svg","43","2.5686977299880525"
"terra1j3ynfcuzl9e5y33ts9lcfxcteh7xg2a3zzc7gm","Crypto007","/placeholders/3.svg","38","2.2700119474313025"
"terra1n28qcuxlm0t94dlky2zny0g7w8vrrklgef7229","defi_kubera","/placeholders/1.svg","32","1.911589008363202"
"terra1d0jq9l5narcgy46v5agnv8hqmn5m8kj3lkh93l","DeFi_Patriot_Broken","/placeholders/5.svg","29","1.7323775388291516"
"terra1alxk3fmhcl0ga80gl9yj9zp3ezjm4sdh8a9l9c","","/placeholders/2.svg","27","1.6129032258064515"
"terra1fjd6thl0dqh6e5wv9z7rdrqzmtp0xau7fdejpq","","/placeholders/5.svg","26","1.5531660692951015"
"terra18au39029aa4mey00fap4l74c936l8efjuqhf6u","","/placeholders/4.svg","25","1.4934289127837514"
"terra1fsxuvu22sd4y28zvdrxnf0jekmcfutn8uw5kpv","","/placeholders/4.svg","23","1.3739545997610514"
"terra1tgvlyhnqyxgwuw07h986jtnjhkcz72es3u33a9","pixeLionsDAO","/placeholders/4.svg","21","1.2544802867383513"
"terra1w5cjcvdkl004fzf0gxl8g8wga90kgk7pu2rjna","","/placeholders/1.svg","20","1.1947431302270013"
"terra1v0k9r7csmknkcafvkem0kt4ul65qzpykjy9mpm","WooX_Bull","ipfs://QmNdXbmFXMkB4AGmnGPfKCPHcNPwAvaACzZ9fSzVXeQJso","18","1.0752688172043012"
"terra1jv2qj2qx0qndrs0qgxq8thq45z0w2uc733pwcq","","/placeholders/1.svg","17","1.015531660692951"
"terra130hnn9qh9naezd8q9p5cext6qse35ktxpqe07d","","/placeholders/5.svg","15","0.8960573476702508"
"terra1q0tfewa60enuu8utyjs9w7um58njhd7fn2p7d3","SpaceToadCapital","ipfs://QmfF6WHUyzFzGnPcafcoLUwLakwi5UijUpVBVxdTqiS1Mn","12","0.7168458781362007"
"terra1krxhlsypsmdv6nd42aejekedx2jn85qzlfy7fw","","/placeholders/4.svg","11","0.6571087216248507"
"terra1mujx82t28as537835qm22a0s0zszmafm2l8y9r","","/placeholders/1.svg","11","0.6571087216248507"
"terra1x0njjcge9xykawm7dy48va89vj6wvj77wy3a6k","","/placeholders/2.svg","11","0.6571087216248507"
"terra14rpmltqh5ymwfvc24k9dyfx02lzgnuu0c5m5cm","","/placeholders/3.svg","10","0.5973715651135006"
"terra1gpqalumaqz97h0nqyqtxf85cwte37l6hps03mt","NoPeace4u","https://i.stargaze-apis.com/E5domKoO3CbNtSQG6SMKjdfkFraGcrqTmqwClZY7yvE/resize:fit:512:::/dpr:2/plain/ipfs://QmTEo3JXuWdEFFxxUthCQtWuWMfPtLzvRvSxW6k3r5GbVq/1748.png","10","0.5973715651135006"
"terra1xtg8xja9tm9rvk0x0nakfax2yeyyaa9m4qvrf5","","/placeholders/1.svg","10","0.5973715651135006"
"terra1exu3f6t72x7w06ppu5vu5m5m9s4glywenfnplr","","/placeholders/1.svg","9","0.5376344086021506"
"terra17ezkdj0fqvm8jm9herfdutr0rd55gsu0kmfnpn","","/placeholders/5.svg","8","0.4778972520908005"
"terra187tcv92rh2asrmtk3fje3x3hc6hk6099tkhuu8","","/placeholders/3.svg","8","0.4778972520908005"
"terra1vjgada9t78eh4v8whp9p8cg4evq4erusx9w6w8","DigitalCowboy","/placeholders/4.svg","8","0.4778972520908005"
"terra1wqv4g0z9v95lcuengwjd9hrqf6jjqckuv4cxnn","","/placeholders/5.svg","8","0.4778972520908005"
"terra1yukk9ky7znrf7mcegwwxa773k79qgye67xmqlx","","/placeholders/1.svg","8","0.4778972520908005"
"terra16vnmejq27c3s9ut4mnlrwfq3vlpjmsd3xs3w60","Hanuman","/placeholders/5.svg","7","0.4181600955794504"
"terra19v568fzuguj4mu9np4scecm2ye90zdw8gq0nh6","","/placeholders/3.svg","7","0.4181600955794504"
"terra1xl324wuxrqkpwntzs6guhc757fmrsrx3meyykd","","/placeholders/3.svg","7","0.4181600955794504"
"terra14xhypjkmweanv5f4ay7n8zvvzug8nfmnpahu7y","Lap","/placeholders/5.svg","6","0.35842293906810035"
"terra16d6pzemu64ckee4l9t2ryrpjdgdrmxzd5jaajp","LlewynBonisagus","/placeholders/1.svg","6","0.35842293906810035"
"terra1hch3fmt0kk2verlk26srsy67x8gr920j5cll3g","","/placeholders/5.svg","6","0.35842293906810035"
"terra12h0hympmykpt8j5f05z6mxwsa0wam3d5vx6hx7","fastfish343","https://i.stargaze-apis.com/LjkSxTAgg6Q-vW6AyAFOohbmfbtZPSCgo5Y-uglirC4/resize:fit:512:::/dpr:2/plain/ipfs://bafybeicbq3ppvshoxi7tpobqbgztdnilpovlxtyhxxmne3lqwomgywekyi/402.png","5","0.2986857825567503"
"terra1dm8uh0782rxufjdgelap72w86l205qs54un5ky","","/placeholders/5.svg","5","0.2986857825567503"
"terra1k7wrmppe2dl5jerlpu3nlucqgudk8s3ngx48py","","/placeholders/3.svg","5","0.2986857825567503"
"terra1m753uer4mzysev8h359cxpq86uvr0rzhkfdl7w","Anon420","/placeholders/1.svg","5","0.2986857825567503"
"terra1qss6vvfwaxs8wy9cc4jn2q56q0leevjv5tjakt","","/placeholders/4.svg","5","0.2986857825567503"
"terra1zstf4e0au48fy56kkztsfea2m4fl4nd040etn8","Dusky","/placeholders/4.svg","5","0.2986857825567503"
"terra174jqm68e3mp28gwcqxu5q4vvdyjujefl7pxf8d","","/placeholders/5.svg","4","0.23894862604540024"
"terra1d73fvpwm8stsy5y9epfn6fedm74egn2d85xg7t","","/placeholders/1.svg","4","0.23894862604540024"
"terra1hzyzys3s7s7xsls5gvsta3z3ylcy7fjcnpgmas","","/placeholders/4.svg","4","0.23894862604540024"
"terra1k6424kpxl2ax6c58lutrz2sdkllyuq9dafq8f8","Nick74","/placeholders/3.svg","4","0.23894862604540024"
"terra1q6wxdv6rc7p4jjhayg4smj7trxcmwfy44yqk3n","","ipfs://bafybeihgrne4vcqirlb26rs4y2gpaka32dqssidwvx2qui2kx5osc6oxie/4182.png","4","0.23894862604540024"
"terra124sffy6y07qm36cptumtg94ur69e7sf85q5fem","","/placeholders/1.svg","3","0.17921146953405018"
"terra1fgqgr342dhaz6e747tpakwuknwhane0lg09wng","","/placeholders/2.svg","3","0.17921146953405018"
"terra1fye4el7alj0zekd5eqr29053unqqwjhaymnng3","","/placeholders/1.svg","3","0.17921146953405018"
"terra1gnuzu4cp7wh900rg0xgvkeq5rpaluw6srv6l0k","Lim","/placeholders/2.svg","3","0.17921146953405018"
"terra1gudw9nanjmwjgjqree4k0x8aqft8w4rsththl6","","/placeholders/4.svg","3","0.17921146953405018"
"terra1je9hqw9m8guxwny2qd6j802cqafp5av8vq4pf2","mobile_d","/placeholders/2.svg","3","0.17921146953405018"
"terra1kt5wxtdjewnwlg68scjpknxaz0jgvzskxs3lta","","/placeholders/3.svg","3","0.17921146953405018"
"terra1kw4xe0sjlungq7pm7h7780gmm0wd46kzvd2w9s","","/placeholders/2.svg","3","0.17921146953405018"
"terra1mq7zc8xjc5mye7vcpqfjwcchs9zsf45pxtwyre","FROST_CR","/placeholders/1.svg","3","0.17921146953405018"
"terra1n75apcsmzejuwu6qn2zath5maaw83d0s4gmx4j","rashem.terra","/placeholders/4.svg","3","0.17921146953405018"
"terra1p3x7fcpjqhenwu8x3q0lxpfhlecd8rs0yepn5k","ManTera","/placeholders/3.svg","3","0.17921146953405018"
"terra1ur6629jtzrk7fr94vlg9dythm5nnukay7m00sv","mka_6","/placeholders/2.svg","3","0.17921146953405018"
"terra1w7at930k5t3axzgu94txh8lpwftp7nvm3x5l9k","Elisa","/placeholders/3.svg","3","0.17921146953405018"
"terra1w7ayljrk3hf9xnvsg042l2vdyuyptd7wf2rpx8","","/placeholders/5.svg","3","0.17921146953405018"
"terra1w88tmp6p9nf9sg4fzlr9dqxx7y4xjwfwgt4urz","","/placeholders/1.svg","3","0.17921146953405018"
"terra1zsrrs5wpxvmt6sjfaz64p5e2hquczu284txq4u","","/placeholders/2.svg","3","0.17921146953405018"
"terra12u7jfsekpjp3k9g766qjxe9wcvelpxp06474pl","","/placeholders/1.svg","3","0.17921146953405018"
"terra10w4r9qgtslmk956nshl8f99srwkrpavhd6n6vq","cris84mon_DAO","/placeholders/5.svg","2","0.11947431302270012"
"terra15xwsmwc0elma7g45pmy7gy87u72cp8nmf8sny7","","/placeholders/2.svg","2","0.11947431302270012"
"terra16cemgtx5cwuxzfprp7zg96pmkpkhzzyf8gav4r","","ipfs://bafybeihgrne4vcqirlb26rs4y2gpaka32dqssidwvx2qui2kx5osc6oxie/4012.png","2","0.11947431302270012"
"terra17lapk5p993ugazmv2uuc2wdrn3qveqlh7hklpj","inowhere","/placeholders/1.svg","2","0.11947431302270012"
"terra1825czwm8d69kk30c82zmlc03s47cjvudsn5ag2","","/placeholders/3.svg","2","0.11947431302270012"
"terra195qt5zc8znz6vgpsj239kgpd09cere4h8mdj9q","","/placeholders/5.svg","2","0.11947431302270012"
"terra1aewzxqges8n8p5f0u0sve4w6gktlnkkjjkre43","","/placeholders/5.svg","2","0.11947431302270012"
"terra1caqnsrs6tm3rmvxm477t7apvxqlz02qx6nr5rl","sfbandit","/placeholders/1.svg","2","0.11947431302270012"
"terra1cn70sru5ut70rgr8trq9q7kjqtkcuefsgfzg36","","/placeholders/3.svg","2","0.11947431302270012"
"terra1d0zzmhwgs79u7fr98sgnmp7f9t2x2wj6mmnu2s","","/placeholders/4.svg","2","0.11947431302270012"
"terra1fcm6mzxls0j59gfvt2d8xeea38fsq02n8stnnf","","/placeholders/4.svg","2","0.11947431302270012"
"terra1g6054czmwvle0rahwazkdpmtllyfyhnvjr94hn","","/placeholders/1.svg","2","0.11947431302270012"
"terra1gt34vqgxpkeysrkmq7j3992hv83yyaf49pgw9d","","/placeholders/5.svg","2","0.11947431302270012"
"terra1j6l072n7m8gzy3xuwwh67w7dtzwx8k0996xw2l","","/placeholders/4.svg","2","0.11947431302270012"
"terra1jyz6r7ky2lrpcyucey3j65aapf3h9ynfhag2sh","","/placeholders/3.svg","2","0.11947431302270012"
"terra1mupt2dd70d7esxyt3k7xxgtglz36uv46zlu74d","","/placeholders/2.svg","2","0.11947431302270012"
"terra1ptezg6qlfzy85kctl2gtdsd4nqkpswsr58mtv8","","/placeholders/4.svg","2","0.11947431302270012"
"terra1tna52pya6rltrer3nsrxvqnlhejgjdv40ryqum","","/placeholders/3.svg","2","0.11947431302270012"
"terra1u53z4uhcz08hkmmmqmld7r5yg4pgc8k2a24ge5","","/placeholders/2.svg","2","0.11947431302270012"
"terra1uaxwcjuswy60cvr2lknks2j6kpwpqqhnuxlvu3","datam","/placeholders/3.svg","2","0.11947431302270012"
"terra1v6890jqg9yfnxn5kldy9s4mzt48y47xpucpjys","","/placeholders/1.svg","2","0.11947431302270012"
"terra1vwlde6e8yxms34p4km73u89emfda0kxdtjjuq2","","/placeholders/5.svg","2","0.11947431302270012"
"terra1vwpm2gzztvt847hh669w8w2mlvwmjdq2dzwpry","Cookso","ipfs://bafybeia4nhuub3mshjejilpfuexqbrnd77jy33uhi6llvi6gxnawjn4siq/metadata.json","2","0.11947431302270012"
"terra1xhpknfxfp8agkse5u6gk8zugh0jh4a946d5swp","","/placeholders/4.svg","2","0.11947431302270012"
"terra1xwn3xt4u3yxcn7yd37qphz6ktq5kua2kehsfx5","MuunaLUNA","/placeholders/2.svg","2","0.11947431302270012"
"terra1y5mneh2gamuztzza42pdd89u47sdx9kqdy022l","luckystan777","/placeholders/3.svg","2","0.11947431302270012"
"terra1ywrk2thvg2t2mhzztenvt0c6whw5rd7dfdu39t","","/placeholders/3.svg","2","0.11947431302270012"
"terra1zaq3ghh7fmggw8sjsfscmhha7rnrq5cndsmwpp","","/placeholders/1.svg","2","0.11947431302270012"
"terra1zla8ld2ewhenmyf5l0f0guxq00z3653mqumcgr","Jorgi","/placeholders/3.svg","2","0.11947431302270012"
"terra10c6l9mm0vzjgh885yx5geks6azfulj3y7pyrml","bancuhcrypto","/placeholders/1.svg","1","0.05973715651135006"
"terra10sq59rxcspl34r9f4gf5vtjca88lk7x3pkwwut","","/placeholders/5.svg","1","0.05973715651135006"
"terra1227rr6lmse62npdxtra5y7gsp7zs69d03fxk68","","/placeholders/4.svg","1","0.05973715651135006"
"terra1247xf3nz6atlsmxdz43h37c83tcdnuknc80f48","Dizzle_","ipfs://Qmd4JywXAXgKV4sheoXRBoKoZXFhygiWsHHghLNqCe6Nmi","1","0.05973715651135006"
"terra124znjuweqm26jkg4z35kx8kjgcfa30gawm09uz","","/placeholders/3.svg","1","0.05973715651135006"
"terra126pzz4ed3r6v65jen9ex6u7ttdv7c0nytl7djf","hterra","/placeholders/4.svg","1","0.05973715651135006"
"terra128qmeave7hlnjj5uxd46jce65wrumkhf0j8ew9","McDope","ipfs://QmWsYzJap9AEwbXZ9caVsYMr1MFCsRYHcBdWWYkdFbo5tA","1","0.05973715651135006"
"terra12hlnzl0hxyjv6kkgd26r27r9dxvdnmc0swc5e4","","/placeholders/1.svg","1","0.05973715651135006"
"terra12s2edysenudupmuqx2g7ltcpq4afpdr7hme9lv","","/placeholders/2.svg","1","0.05973715651135006"
"terra12sxrtp6rwmlyx622vmk8xe9vc9dm7hdjuyp6kg","","/placeholders/2.svg","1","0.05973715651135006"
"terra14adge4r5tvuvqjuvd66kgupmee8l39wnna2lg3","","/placeholders/1.svg","1","0.05973715651135006"
"terra14cr2qm7haac4y2rgndlvuvtgqykc8tayvxxjz9","","/placeholders/1.svg","1","0.05973715651135006"
"terra14gvc6zysjwcxthan290sjhddk365tdkzzn7a53","OG_C","/placeholders/4.svg","1","0.05973715651135006"
"terra14mj7snzwkmfacsschhycsv9xccqhvnyj4gechk","Seed_Hunt","/placeholders/1.svg","1","0.05973715651135006"
"terra14vwq8zpr7sh9ajahr0gyhj6at6ha6rmdpecysm","tiltshark","/placeholders/2.svg","1","0.05973715651135006"
"terra157ynvwu6p8sdsznvp39fwcy7xfjxpmv6th3vd7","","/placeholders/4.svg","1","0.05973715651135006"
"terra15xed3ve2f3kr8tx30k9s3a3spy22nt9l9fte2g","","/placeholders/2.svg","1","0.05973715651135006"
"terra162kt3ja8nwh7kr2ed67y054g42wqfs8ts7y4ee","","/placeholders/4.svg","1","0.05973715651135006"
"terra168zqjwh3wwe8ktg64uz4yzepn3d9pct6kgqdqm","","/placeholders/5.svg","1","0.05973715651135006"
"terra16vzhe8500360lc8kp4hgapk8rk07ehucsuxa7v","","/placeholders/5.svg","1","0.05973715651135006"
"terra17jxk6xu7gcsf0eawlr8kv34uyw44wzjnugy5qr","","/placeholders/3.svg","1","0.05973715651135006"
"terra17w93uxwzg55xc97w3lhc9fln2y3j8gje4qr3r7","","/placeholders/4.svg","1","0.05973715651135006"
"terra19clr4tuh3u80r57jctt4lyrtjetccnv5faxgxl","","/placeholders/3.svg","1","0.05973715651135006"
"terra1aj749s3mqexkn4q79htvchk48wrn2lwrqcqsrc","","/placeholders/5.svg","1","0.05973715651135006"
"terra1aseg4hkalald6hg23hrh73qnqfjyceex7ykktm","","/placeholders/3.svg","1","0.05973715651135006"
"terra1c3tquhhe959fmpu9jetka4w9xvp9fym0n98uc8","","/placeholders/1.svg","1","0.05973715651135006"
"terra1c5sln6rzmqzrptf7f837e98eemje6dfge8dc89","","/placeholders/1.svg","1","0.05973715651135006"
"terra1cwkrvhc6yac5lzrhh6grs9ejzmdv763gus4fl5","","/placeholders/2.svg","1","0.05973715651135006"
"terra1cyq6n7l3y7lzplv6jnl38julzeyg3rv9cvvyra","","/placeholders/1.svg","1","0.05973715651135006"
"terra1dqst5kxwruc4g4fflv9rejmrcm0ezkxc2zw4x5","","/placeholders/5.svg","1","0.05973715651135006"
"terra1dr9xlcr5s7dt7apycdxe82g5l66pyh3djad20w","Llewyn","/placeholders/4.svg","1","0.05973715651135006"
"terra1dw80j7tw39e0t0qwlgd9tzfl8vmuqf4wfd4hw6","","/placeholders/1.svg","1","0.05973715651135006"
"terra1ey9z5wwr6nf8mh96ruhwy6sc5gmuntfuyfdqdx","","ipfs://bafybeihgrne4vcqirlb26rs4y2gpaka32dqssidwvx2qui2kx5osc6oxie/1036.png","1","0.05973715651135006"
"terra1f0z9sm9dz37h9z69yl5smcp6sd5jphv6zynre6","","/placeholders/4.svg","1","0.05973715651135006"
"terra1fjklhhev666eucy7jrhvfcwgntt7yys2mes9nk","","/placeholders/5.svg","1","0.05973715651135006"
"terra1g4cvwhye3j99lz822gpz5f3t7purlwxwyrxf6r","","/placeholders/5.svg","1","0.05973715651135006"
"terra1gp88fnzd4uvk4t5plagz762a29f88qgew3kfa2","MojoStudio","ipfs://bafkreibfddgcw7yvdjgtopyyqxtogv3drz5o4imxku7i5flmwh7b4eoi5m","1","0.05973715651135006"
"terra1gszaqmyt9pmhg38cpax3vprccpjuczzp40m35s","makiCGI","/placeholders/4.svg","1","0.05973715651135006"
"terra1h7ja4gpgxwl5epnz7mlypzsttmkw8gceu9rc5v","SJS","https://i.stargaze-apis.com/TWoQg57Fr6Lc_OqzcGPcNOHehZ-goJ-WUXrnP0APF-4/resize:fit:512:::/dpr:2/plain/ipfs://QmTEo3JXuWdEFFxxUthCQtWuWMfPtLzvRvSxW6k3r5GbVq/28.png","1","0.05973715651135006"
"terra1jh876grj729q8tuxadefudklv66sq079myycyh","","/placeholders/3.svg","1","0.05973715651135006"
"terra1k299wgf4w88j85kvv9x7e4ws0d240c44hy9tzy","","/placeholders/2.svg","1","0.05973715651135006"
"terra1kcpara8gj58huh9yn6dj7rxd764desdsrfppfc","Eddy_W","/placeholders/3.svg","1","0.05973715651135006"
"terra1kkvmg6l545fjl67f44hx9ytyjurx4s2r9z8att","","/placeholders/5.svg","1","0.05973715651135006"
"terra1l0jeppq8v3rt6dxhch5m4ydcmgfmvpxl59mhll","Fci","/placeholders/5.svg","1","0.05973715651135006"
"terra1l3yecz0564jq9cwd7rjkfku8q6267sxsgzcyev","","/placeholders/5.svg","1","0.05973715651135006"
"terra1l588m0gfv4ns8s8wzlezff76mvzta3n48qxpn5","","/placeholders/4.svg","1","0.05973715651135006"
"terra1ndwgju2snppn8u8q0e79an2ujn5uhj2j2pqdlt","","/placeholders/1.svg","1","0.05973715651135006"
"terra1nhvjgyga4yfkmzv7ts79vu3w2azj6mes0jhccm","","/placeholders/1.svg","1","0.05973715651135006"
"terra1pc3vp2ua6rxyp0eycyhmc0zdsmyknf22r8tvds","","/placeholders/2.svg","1","0.05973715651135006"
"terra1r28gj0rw7p49pxfmlfy4cja26yens9tyc9fqvu","","/placeholders/2.svg","1","0.05973715651135006"
"terra1rm8vhy9sdswrfuxyfp8t5g40j59pmctc2mmh7z","","/placeholders/4.svg","1","0.05973715651135006"
"terra1stwtc4xffhu2etg43q7yyauwlpdh4aw5ake34s","","/placeholders/3.svg","1","0.05973715651135006"
"terra1u5mrfn4kjk0kaa26p6a8vu8kdra8phucdxamdg","","/placeholders/3.svg","1","0.05973715651135006"
"terra1uwxj5gpjqc86845w3v4tk7escgvzwsj3r708u7","","/placeholders/3.svg","1","0.05973715651135006"
"terra1vruulyz47sthkcdqafcug3x7t357ctrw6a6fcy","","/placeholders/3.svg","1","0.05973715651135006"
"terra1w9zctxzq393lgawqlgdzfs9f4r977fmn24fjyf","","/placeholders/1.svg","1","0.05973715651135006"
"terra1x0d0pp36t00k7nhcrwhm9h8jj7d2f76n8aydgz","","/placeholders/2.svg","1","0.05973715651135006"
"terra1x9jh7pl623jaj8dlt4q53mpmv5mv5nlpzdpxfs","OG_t","/placeholders/3.svg","1","0.05973715651135006"
"terra1xaqf2tfhd6cejckezug3cvjyhue2a8gtu3uaqs","","/placeholders/2.svg","1","0.05973715651135006"
"terra1xvsjzv8mhr4h6n7dlvq9lxdr9ne3yxn0w84cle","","/placeholders/2.svg","1","0.05973715651135006"
"terra1zgllgkux94tdqpuufn5cedmrk98qtdcmwhy7ts","","/placeholders/5.svg","1","0.05973715651135006"
"terra1xvmwdwc50ukr66gk70yuh0f70rkl2yg5wwc4fh","","/placeholders/3.svg","1","0.05973715651135006"
"terra1zagw3g5mlu4g2uhtds52knnxyx7pfjk5pr20xr","","/placeholders/4.svg","1","0.05973715651135006"